{
    "Stay on Top": "Stay on Top",
    "Detect Language": "Detect Language",
    "Listen on Clipboard": "Listen on Clipboard",
    "Auto Copy": "Auto Copy",
    "Incremental Copy": "Incremental Copy",
    "Smart Dict": "Smart Dict",
    "Switch Mode": "Switch Mode",
    "Translate": "Translate",
    "Source": "Source",
    "Copy Source": "Copy Source",
    "Copy Result": "Copy Result",
    "Result": "Result",
    "Source Language": "Source Language",
    "Target Language": "Target Language",
    "Clear": "Clear",
    "Help and Update": "Help and Update",
    "Exit": "Exit",
    "Main Mode": "Main Mode",
    "Focus Mode": "Focus Mode",
    "Writing Mode": "Writing Mode",
    "Detected Language": "Detected Language",
    "Switch Language": "Switch Language",
    "Auto Hide": "Auto Hide",
  "Auto Formation": "Auto Formation",
  "Setting Panel": "Setting Panel",
  "See Source": "See Source",
  "Auto Show": "Auto Show"
}